{"FO_MEAN": 209.91302490234375, "F0_STD": 117.40813446044922}